id, full_name, email_address
1,dangelo_grady,dangelo.grady@gmail.com
2,Remington Cremin,cremin_remington@yahoo.com
3,cecil_franecki,franecki.cecil@hotmail.com
4,walter_elena,walter.elena@gmail.com
5,Larissa Ebert,ebert.larissa@hotmail.com
6,Fredrick Heller,heller.fredrick@yahoo.com
7,Easton Stamm,easton_stamm@hotmail.com
8,Halie Purdy,halie.purdy@hotmail.com
9,Eli Lueilwitz,eli.lueilwitz@hotmail.com
10,Isobel Green,isobel_green@yahoo.com
11,Luella Steuber,steuber.luella@yahoo.com
12,Sibyl Hessel,sibyl_hessel@hotmail.com
13,Marlene VonRueden,marlene_vonrueden@yahoo.com
14,Miguel Farrell,farrell.miguel@hotmail.com
15,Cielo Crooks,crooks_cielo@hotmail.com
16,Lacey Hamill,lacey_hamill@yahoo.com
17,Kasey Durgan,durgan.kasey@yahoo.com
18,Jasen Morar,morar_jasen@gmail.com
19,Colin Parisian,colin.parisian@gmail.com
20,Deshawn Rutherford,deshawn_rutherford@gmail.com
21,Marcella Schoen,schoen_marcella@yahoo.com
22,Samara Bailey,samara.bailey@hotmail.com
23,Elias Kovacek,kovacek.elias@yahoo.com
24,Oswald Funk,funk.oswald@hotmail.com
25,Blanca Hauck,blanca_hauck@gmail.com
26,samson_wolff,samson.wolff@gmail.com
27,Jane Cremin,cremin.jane@yahoo.com
28,kiehn_devon,kiehn.devon@gmail.com
29,Ila Gibson,ila.gibson@gmail.com
30,Raymundo Little,little_raymundo@yahoo.com
31,Geovany Toy,toy.geovany@yahoo.com
32,William Feil,feil_william@hotmail.com
33,quitzon.henriette,henriette_quitzon@hotmail.com
34,Olin Frami,frami.olin@gmail.com
35,Mariana Mosciski,mosciski_mariana@hotmail.com
36,Zander Schimmel,schimmel_zander@yahoo.com
37,Allison Ratke,ratke.allison@yahoo.com
38,Alf Gutmann,gutmann.alf@hotmail.com
39,garett.hegmann,hegmann_garett@gmail.com
40,Daphne O'Kon,daphne_kon_o@yahoo.com
41,o_keefe_lane,lane_keefe_o@gmail.com
42,Lydia Mayer,lydia.mayer@hotmail.com
43,evie_gutkowski,gutkowski_evie@gmail.com
44,Annette Flatley,annette_flatley@yahoo.com
45,Alanna Carroll,alanna_carroll@hotmail.com
46,dickinson_jacques,dickinson_jacques@hotmail.com
47,Nya Block,block.nya@hotmail.com
48,Julie Tromp,julie_tromp@yahoo.com
49,Horace Kilback,kilback_horace@yahoo.com
50,Destinee Stiedemann,stiedemann_destinee@gmail.com
51,Sven O'Conner,conner_o_sven@yahoo.com
52,dylan.thiel,thiel_dylan@hotmail.com
53,Wilhelmine Bins,wilhelmine.bins@gmail.com
54,Edd Rosenbaum,edd.rosenbaum@gmail.com
55,David Pfannerstill,pfannerstill.david@hotmail.com
56,king_virgil,virgil.king@yahoo.com
57,Cleora Walsh,walsh.cleora@hotmail.com
58,Shawn Brekke,brekke.shawn@yahoo.com
59,Cindy Pagac,cindy_pagac@hotmail.com
60,Baron Langworth,baron.langworth@yahoo.com
61,douglas_obie,obie.douglas@hotmail.com
62,Gay Padberg,padberg_gay@hotmail.com
63,Brionna Rodriguez,brionna_rodriguez@gmail.com
64,Mittie McCullough,mccullough_mittie@gmail.com
65,carroll.ali,ali.carroll@gmail.com
66,Nannie Kohler,kohler_nannie@gmail.com
67,Justine Hills,hills_justine@hotmail.com
68,Carissa Adams,adams.carissa@yahoo.com
69,Henderson Denesik,henderson_denesik@yahoo.com
70,donnelly.karlee,karlee.donnelly@yahoo.com
71,Denis Kemmer,denis.kemmer@gmail.com
72,Greyson Senger,greyson.senger@yahoo.com
73,Troy Jerde,troy_jerde@gmail.com
74,Adriana Rau,adriana_rau@yahoo.com
75,noemi.leannon,leannon.noemi@gmail.com
76,Christa Swift,swift_christa@hotmail.com
77,Astrid Hayes,astrid.hayes@yahoo.com
78,Gladys Hodkiewicz,gladys_hodkiewicz@hotmail.com
79,hayes_claud,claud_hayes@gmail.com
